Branch,Sub-Branch,Focus Area,Best Languages/Tools,job opportunity,job role,Future Trends / Demand,Recommended Certifications / Platforms
CSE (Software Core),Core CSE,"Programming, algorithms, software systems","C, C++, Java, Python, SQL","Software Developer, System Engineer","Develop and maintain software systems, write efficient code, and manage databases.","Stable demand, core for all IT roles, competitive coding focus","Coursera: Data Structures & Algorithms, Udemy: Java Masterclass"
CSE (Software Core),AI / ML,"Intelligent systems, NLP, vision, robotics","Python, R, TensorFlow, PyTorch","AI Engineer, ML Engineer, Data Scientist","Design AI/ML models, train algorithms, and work on intelligent applications.",AI demand expected to grow 35–40% by 2030 across industries,"Coursera: DeepLearning.AI, Udemy: Machine Learning A-Z, eBox AI Programs"
CSE (Software Core),Data Science,"Big data, analytics, visualization","Python, R, SQL, Hadoop, Spark","Data Analyst, Data Scientist","Analyze datasets, visualize trends, and build predictive models for insights.","Data jobs growing 28% annually, high demand in finance & healthcare","Coursera: Data Science Specialization (Johns Hopkins), Udemy: Python for Data Science"
CSE (Software Core),Cybersecurity,"Ethical hacking, cryptography, forensics","Python, C, Bash, Kali Linux","Security Analyst, Ethical Hacker","Protect systems from cyberattacks, test vulnerabilities, and ensure data security.","Global cybercrime costs rising, 3.5M jobs by 2026","Udemy: Complete Ethical Hacking Bootcamp, Coursera: Cybersecurity Specialization"
CSE (Software Core),Cloud Computing,"Cloud platforms, DevOps, virtualization","Python, Java, AWS, Azure, Kubernetes","Cloud Engineer, DevOps Engineer","Manage cloud infrastructure, deploy applications, and handle DevOps pipelines.","Cloud adoption >80% in enterprises, multi-cloud skills in demand","AWS Solutions Architect (Amazon), Coursera: Google Cloud Specialization"
CSE (Software Core),IoT,"Smart devices, sensors, automation","C, C++, Python, Arduino, Raspberry Pi","IoT Engineer, Embedded Developer","Develop IoT solutions, program microcontrollers, and integrate smart devices.","IoT market growing, demand in smart homes, healthcare, manufacturing","Udemy: IoT Fundamentals, Coursera: IoT Specialization"
CSE (Software Core),Blockchain,"Decentralized systems, crypto, Web3","Solidity, Python, JS, Go","Blockchain Developer, Web3 Engineer","Build decentralized apps, write smart contracts, and manage blockchain systems.","High demand in fintech, supply chain, metaverse applications","Coursera: Blockchain Specialization, Udemy: Ethereum & Solidity Developer Course"
CSE (Software Core),Software Engg.,"Large-scale software, testing","Java, C++, Python, Git","Software Engineer, QA Engineer","Design, test, and improve software with agile and DevOps practices.","Stable demand, emphasis on Agile/DevOps and automation testing","Udemy: Software Engineering Bootcamp, Coursera: Agile Development Specialization"
CSE (Software Core),HCI (UX/AR/VR),"UI/UX, AR/VR, usability design","HTML, CSS, JS, React, Unity","UI/UX Designer, AR/VR Developer","Design intuitive user interfaces, create AR/VR apps, and improve user experience.","AR/VR market booming with gaming, education, healthcare","Udemy: UI/UX Design Bootcamp, Coursera: Interaction Design Specialization"
CSE (Software Core),Bioinformatics,"Biology + computing, DNA analysis","Python, R, MATLAB","Bioinformatics Scientist, Computational Biologist","Apply computing in biology, analyze DNA/protein data, and build bio-tools.","Growing demand in genomics, pharma, and personalized medicine","Coursera: Bioinformatics Specialization, Udemy: Bioinformatics with Python"
IT (Applied Software),Core IT,"Software apps, databases, networking","Java, Python, C++, SQL, Linux","IT Engineer, System Admin","Develop IT systems, manage databases, and support enterprise infrastructure.","Consistent demand, essential for IT infra support & applications","Coursera: IT Fundamentals, Udemy: Linux for Beginners"
IT (Applied Software),Cybersecurity & Forensics,Security + investigation,"Python, C, Wireshark, Kali Linux","Cybersecurity Analyst, Forensic Expert","Investigate cyber incidents, retrieve digital evidence, and secure systems.",Digital forensics demand increasing with cybercrime cases,"Coursera: Digital Forensics, Udemy: Cybersecurity Analyst Course"
IT (Applied Software),Cloud & Virtualization,"Cloud infra, DevOps","Python, Go, AWS, Docker, Kubernetes","Cloud Engineer, SRE, DevOps Engineer","Build and manage virtualized servers, deploy apps, and optimize cloud resources.",High demand due to enterprise cloud migration,"AWS Solutions Architect, Coursera: Cloud Computing Specialization"
IT (Applied Software),Data Science / Big Data,Industry data analysis,"Python, R, SQL, Hadoop","Data Analyst, Data Engineer","Analyze big datasets, build pipelines, and generate insights for businesses.",Big data analytics demand growing in every sector,"Udemy: Big Data Essentials, Coursera: Big Data Specialization"
IT (Applied Software),AI in IT,"Automation, chatbots","Python, TensorFlow, Scikit-learn","AI Developer, Automation Engineer","Automate IT tasks, develop chatbots, and improve business processes with AI.",AI adoption in IT services growing rapidly,"Coursera: Applied AI, Udemy: AI for IT Professionals"
IT (Applied Software),IoT & Smart Tech,IoT devices + IT systems,"C, C++, Python, Arduino","IoT Developer, Automation Engineer","Design IoT devices, automate IT systems, and manage smart tech ecosystems.",High demand in industrial automation & smart cities,"Coursera: IoT Specialization, Udemy: IoT Development Bootcamp"
IT (Applied Software),Business IT (ERP),"IT for business, SAP, Oracle","SQL, Java, SAP, Oracle","ERP Analyst, IT Consultant","Implement ERP systems, integrate IT with business workflows, and support enterprises.",Growing demand for ERP in enterprises,"SAP Certification, Udemy: Oracle ERP Fundamentals"
IT (Applied Software),Web & Software Tech,"Web/mobile apps, full-stack","HTML, CSS, JS, React, Node.js","Web Developer, App Developer","Build websites, develop apps, and manage full-stack software systems.",Web & mobile apps consistently in high demand,"Udemy: Full-Stack Developer Course, Coursera: Web Development Specialization"
ECE (Hardware + Communication),Core ECE,"Circuits, signals, communication","C, C++, MATLAB, Verilog","Electronics Engineer, Communication Engineer","Design and test circuits, manage communication systems, and develop electronics.","Stable demand in telecom, embedded, and hardware roles","Udemy: Electronics Fundamentals, Coursera: Digital Systems"
ECE (Hardware + Communication),VLSI,"Chip design, semiconductors","Verilog, VHDL, Cadence","VLSI Engineer, Chip Designer","Design chips, simulate circuits, and work in semiconductor R&D.",High demand due to global semiconductor shortage,"Udemy: VLSI Design Course, edX: Digital IC Design"
ECE (Hardware + Communication),Embedded Systems,"Microcontrollers, firmware, robotics","C, C++, Embedded C, Arduino","Embedded Engineer, Robotics Engineer","Develop embedded systems, program controllers, and build robotics systems.","High demand in automotive, IoT, robotics","Coursera: Embedded Systems, Udemy: Embedded C Programming"
ECE (Hardware + Communication),Communication Systems,"Telecom, 5G, satellite","MATLAB, Python, LabVIEW","Telecom Engineer, RF Engineer","Develop telecom networks, optimize 5G systems, and work on satellites.",5G & satellite demand growing worldwide,"Coursera: Wireless Communications, Udemy: 5G Fundamentals"
ECE (Hardware + Communication),Robotics & Automation,"Control systems, industrial robots","C, C++, Python, ROS, MATLAB","Robotics Engineer, Automation Engineer","Design and manage robots, automate processes, and build control systems.",Industrial robots adoption rising in factories & logistics,"Udemy: Robotics Bootcamp, Coursera: Control of Mobile Robots"
ECE (Hardware + Communication),Signal Processing (DSP),"Audio, video, biomedical signals","MATLAB, Python (OpenCV)","DSP Engineer, Biomedical Engineer","Work on signal filtering, audio/video processing, and biomedical applications.","High demand in speech processing, healthcare devices","Coursera: DSP Specialization, Udemy: Biomedical Signal Processing"
ECE (Hardware + Communication),Power Electronics,"EVs, renewable energy systems","MATLAB/Simulink, Embedded C","Power Electronics Engineer, EV Engineer","Design power systems for EVs, renewable energy devices, and embedded solutions.","EV industry booming, demand for power engineers","Coursera: Electric Vehicles, Udemy: Power Electronics Design"
ECE (Hardware + Communication),Nanoelectronics,"Nano devices, MEMS, R&D","Verilog, TCAD, Cadence","Semiconductor Engineer, R&D Engineer","Develop nano devices, design MEMS, and work in semiconductor innovations.",Growing demand in advanced chip & nano device design,"Udemy: Nanoelectronics Course, edX: Nanotechnology Fundamentals"
